"ADRIANO ALMEIDA DE ARAUJO","MURITIBA"
"ADRIANO COSTA AMORIM TRANSITAR","CACHOEIRA"
"AGUIAR & SOUZA LTDA ME","ITAPETINGA"
"AIG CLINICA DO TRANSITO LTDA","SAO SEBASTIAO DO PASSE"
"ALEX ANDRADE DANTAS LTDA","CAMAMU"
"ANAGETRANS CLINICA DE MEDICINA NO TRANSITO LTDA","ANAGE"
"ANDREIA SOUZA AZEVEDO ALVES E CIA LTDA ME","LIVRAMENTO DE NOSSA SENHORA"
"APTO TRAN LTDA","CACULE"
"ARAUJO QUEIROZ CLINICA LTDA","SANTO ESTEVAO"
"ARLLEN GRAEL GOMES DA SILVA ME","CAMPO FORMOSO"
"ATENDIMENTO MEDICO E PSICOLOGICO LTDA","SANTO ANTONIO DE JESUS"
"AURIGA CLINCA TRANSITO LTDA ME","CAMACARI"
"AURIGA CLINICA TRANSITO LTDA","SANTO ANTONIO DE JESUS"
"AUTO-CLINICA MEDEIROS NETO LTDA ME","MEDEIROS NETO"
"AUTOMED - CLINICA MEDICA LTDA ME","FEIRA DE SANTANA"
"AVALLIARE SERVICOS MEDICOS E PSICOLOGICOS LTDA","SALVADOR"
"B ALENCAR CLINICA DO TRANSITO LTDA","SAO GONCALO DOS CAMPOS"
"B E F GESTAO EMPRESARIAL E SERVICOS DE PSI EIRELI","SALVADOR"
"BAHIA CLINICAS LTDA ME","PORTO SEGURO"
"BAHIA TRAFEGO CONSULTORIA PSICO MEDICO LTDA","SALVADOR"
"BD CLINICA DE TRANSITO LTDA","FEIRA DE SANTANA"
"BLI CLINICA DE PSICO E MEDICINA DO TRAFEGO LTDA","MORRO DO CHAPEU"
"BM CLINICA DO TRANSITO LTDA ME","BARREIRAS"
"BPA CLINICA DO TRANSITO LTDA","ALAGOINHAS"
"BREJOTRANS CLINICA DE MEDICINA DO TRANSITO LTDA","ITUACU"
"C INTEG DE SAUDE E OFTLAMO DE CAJAZEIRAS LTDA ME","SALVADOR"
"C PRINCESINHA DO TRANSITO DE PSICOLOGIA E MEDICINA","FEIRA DE SANTANA"
"C.M.P. CLINICA DE MEDICINA E PSICOLOGIA LTDA ME","JUAZEIRO"
"CACMED MEDICINA E PSICOLOGIA DO TRANSITO LTDA","SALVADOR"
"CAM CLINICA ATENDIMENTO MEDICO LTDA ME","SENHOR DO BONFIM"
"CAMP CLINICA DE ATENDIMENTO MEDICO E PSICO LTDAME","CAMPO FORMOSO"
"CARVALHO E CAMELO LTDA ME","LUIS EDUARDO MAGALHAES"
"CEMEPA CENTRO DE MED E PSICOLOGIA APLICADA LTDA ME","ALAGOINHAS"
"CEMPT CLINICA ESP EM MEDI E PSIC DO TRANSITO LTDA","SALVADOR"
"CENTRO DE ENSINO E ATENCAO INTEGRAL A SAUDE LTDA","SALVADOR"
"CENTRO DE ESPECIALIDADES ODONTOMEDICAS LTDA ME","IRECE"
"CENTRO DE SAUDE DO SUDOESTE BAIANO LTDA","BRUMADO"
"CENTRO INTEGRADO AVALIACAO MEDICA DE TUCANO LTDA","TUCANO"
"CENTRO MEDICO DE EXAMES PSIC TEIXEIRA LTDA-ME","TEIXEIRA DE FREITAS"
"CEREMP CENTRO REF EM MEDICINA E PSI DO TRAN EIRELI","SALVADOR"
"CHAGASCARVALHO MEDICINA E PSICOLOGIA DO TRANSITO","SALVADOR"
"CLAUDIANE DOS SANTOS SOUZA","REMANSO"
"CLIAMED LTDA","SAO GONCALO DOS CAMPOS"
"CLIHAB CLINICA DE HABILITACAO LTDA","SALVADOR"
"CLIMAR CLINICA DE AMARGOSA LTDA ME","AMARGOSA"
"CLIMEP CLINICA MED E PSICOLOGICA ESPE DO TRANSITO","JUAZEIRO"
"CLIMEP CLINICA MEDICA E PSICOLOGICA LTDA ME","CAMACARI"
"CLIMEPI CLINICA MEDICA PSICOLOGICA IPIAU LTDA ME","IPIAU"
"CLIMET MEDICINA E PSICOLOGIA DE TRAFEGO LTDA ME","BARREIRAS"
"CLIMETI CLINICA DE AT MED E PSIC DO TRANSI LTDA ME","ITABUNA"
"CLIMETRAN CLINICA MEDICA DO TRANSITO LTDA ME","ITABUNA"
"CLIMPE CLINICA MEDICA E PSICOLOGICA LTDA","SALVADOR"
"CLIMPINA CLINICA MEDICA MARACAS LTDA","MARACAS"
"CLIMPT CLINICA DE MEDICINA E PSIC DO TRANSITO LTDA","SALVADOR"
"CLIMPVAJ CLINICA MEDICA E PSI DO VALE DO JEQUIRICA","MUTUIPE"
"CLIMSAJ CLIN MED E PSI DE ST ANT JESUS LTDA ME","SANTO ANTONIO DE JESUS"
"CLIN ESPECIALIZADA DE TRANSITO DE JUAZEIRO","JUAZEIRO"
"CLIN MEDICA PSICOLOGICA VITORIA DA CONQUISTA LTDA","VITORIA DA CONQUISTA"
"CLINAP CLINICA NAZARE DE ATEND MED E PSI LTDA ME","NAZARE"
"CLINAUTO SERVICOS MEDICOS SOCIEDADES SIMPLES ME","SALVADOR"
"CLINCA DO TRANSITO DE SANTO AMARO LTDA","SANTO AMARO"
"CLINHAB CLINICA MED E PSI DE FEIRA DE SANT LTDAEPP","FEIRA DE SANTANA"
"CLINICA ALPHA PSICOSSOMATICA LTDA ME","FEIRA DE SANTANA"
"CLINICA AMB DO TRANSITO LTDA","VERA CRUZ"
"CLINICA APTIDAO LUIS EDUARDO LTDA","LUIS EDUARDO MAGALHAES"
"CLINICA AUTOSSTIMA LTDA","IPIAU"
"CLINICA BENEVIDES MUNIZ LTDA ME","JUAZEIRO"
"CLINICA CAMAMU DO TRANSITO E MEDICINA LTDA ME","CAMAMU"
"CLINICA CANAS DO TRANSITO E MEDICINA LTDA - ME","CANAVIEIRAS"
"CLINICA CLIMPSI LTDA","ALCOBACA"
"CLINICA CLINITRAN URANDI LTDA","URANDI"
"CLINICA CLIPMED LTDA","SAO DESIDERIO"
"CLINICA CMO BRUMADO LDTA","BRUMADO"
"CLINICA CMO CAMACARI LTDA","CAMACARI"
"CLINICA CMO DIAS DAVILA LTDA","DIAS D AVILA"
"CLINICA CMO GUANAMBI LTDA","GUANAMBI"
"CLINICA CMO LAURO DE FREITAS LTDA","LAURO DE FREITAS"
"CLINICA CMO SIMOES FILHO LTDA","SIMOES FILHO"
"CLINICA CMT FEIRA DE SANTANA LTDA","FEIRA DE SANTANA"
"CLINICA CMT JACOBINA LTDA","JACOBINA"
"CLINICA COMPORTAMENTAL DE PSICOLOGIA LTDA ME","JEQUIE"
"CLINICA DE ATEND MEDICO E PSICOLOGICO DO SALVADOR","SALVADOR"
"CLINICA DE ATENDIMENTO MED PSIC DE FILADELFIA LTDA","FILADELFIA"
"CLINICA DE ATENDIMENTO MEDICO FEIRA D SANTANA LTDA","FEIRA DE SANTANA"
"CLINICA DE AV MED DE TRAF E PSIC DE TRANSITO LTDA","LAURO DE FREITAS"
"CLINICA DE AVALIACAO MEDICA DE ITABELA LTDA ME","ITABELA"
"CLINICA DE CAMACARI LTDA ME","CAMACARI"
"CLINICA DE EXAMES MEDICOS E PSICOLOGICOS LTDA","TUCANO"
"CLINICA DE HABILITACAO DO CONDUTOR LTDA","JACOBINA"
"CLINICA DE ILHES DO TRANSITO E MEDICINA LTDA","ILHEUS"
"CLINICA DE MEDICINA DO TRAFEGO DE CAMACARI","CAMACARI"
"CLINICA DE MEDICINA DO TRANSITO LTDA","ITAPETINGA"
"CLINICA DE MEDICINA NO TRANSITO MAURILZA LTDA","GUANAMBI"
"CLINICA DE PERIC MED PSIC DRA CAMILA M MOURA LTDA","LIVRAMENTO DE NOSSA SENHORA"
"CLINICA DE PSICOLOGIA DO TRANSITO DE IRECE LTDA ME","IRECE"
"CLINICA DE PSICOLOGIA DO TRANSITO SAMAVI LTDA","SANTANA"
"CLINICA DE PSICOLOGIA E MEDICINA DO TRAFEGO LTDA","ITABUNA"
"CLINICA DE PSICOLOGIA E MEDICINA LTDA","JEQUIE"
"CLINICA DE PSICOLOGIA E MEDICINA LTDA","VITORIA DA CONQUISTA"
"CLINICA DE PSICOLOGIA VIKTOR EMIL FRANKI LTDA","LAURO DE FREITAS"
"CLINICA DE SAUDE DE CASTRO ALVES","CASTRO ALVES"
"CLINICA DE SAUDE DO TRANSITO DE IRECE LTDA","IRECE"
"CLINICA DE TRANSITO BOM JESUS DA LAPA LTDA","BOM JESUS DA LAPA"
"CLINICA DE TRANSITO CASA NOVA LTDA","CASA NOVA"
"CLINICA DE TRANSITO CASTELO BRANCO LTDA","SALVADOR"
"CLINICA DE TRANSITO CORACAO DE MARIA LTDA","CORACAO DE MARIA"
"CLINICA DE TRANSITO DE LUIS EDUARDO LTDA ME","LUIS EDUARDO MAGALHAES"
"CLINICA DE TRANSITO DE SALVADOR LTDA ME","SALVADOR"
"CLINICA DE TRANSITO FEIRENSE LTDA","FEIRA DE SANTANA"
"CLINICA DE TRANSITO GUANAMBI LTDA","GUANAMBI"
"CLINICA DE TRANSITO IACU LTDA","IACU"
"CLINICA DE TRANSITO IRARA LTDA","IRARA"
"CLINICA DE TRANSITO ITIUBA LTDA","ITIUBA"
"CLINICA DE TRANSITO MADRE DE DEUS LTDA","MADRE DE DEUS"
"CLINICA DE TRANSITO MAR GRANDE LTDA","VERA CRUZ"
"CLINICA DE TRANSITO MURITIBA LTDA","MURITIBA"
"CLINICA DE TRANSITO PSIMED LTDA","BARRA DO CHOCA"
"CLINICA DE TRANSITO SANTA CLARA LTDA","BARRA DO CHOCA"
"CLINICA DE TRANSITO SAO SEBASTIAO LTDA","BELO CAMPO"
"CLINICA DE TRANSITO VALENTE LTDA ME","VALENTE"
"CLINICA DIRECAO JUAZEIRO LTDA","JUAZEIRO"
"CLINICA DO MOTORISTA ARACI LTDA","ARACI"
"CLINICA DO MOTORISTA CONCEICAO DO JACUIPE LTDA","CONCEICAO DO JACUIPE"
"CLINICA DO MOTORISTA DA BAHIA LTDA","SALVADOR"
"CLINICA DO MOTORISTA DA BAHIA LTDA-ME","CAMACARI"
"CLINICA DO MOTORISTA DE BRUMADO LTDA ME","BRUMADO"
"CLINICA DO MOTORISTA DO HANGAR LTDA","SALVADOR"
"CLINICA DO MOTORISTA INHAMBUPE","INHAMBUPE"
"CLINICA DO MOTORISTA SAO CRISTOVAO LTDA","CATU"
"CLINICA DO MOTORISTA SAO CRISTOVAO LTDA","CONCEICAO DO COITE"
"CLINICA DO MOTORISTA SAO CRISTOVAO LTDA","ENTRE RIOS"
"CLINICA DO MOTORISTA SAO CRISTOVAO LTDA","MATA DE SAO JOAO"
"CLINICA DO MOTORISTA SAO CRISTOVAO LTDA","POJUCA"
"CLINICA DO MOTORISTA SAO CRISTOVAO LTDA","SAO SEBASTIAO DO PASSE"
"CLINICA DO RECONCAVO LTDA ME","SANTO ANTONIO DE JESUS"
"CLINICA DO TRAFEGO SANTA DULCE LTDA","SALVADOR"
"CLINICA DO TRAFEGO SAO CRISTOVAO LTDA","CAMACARI"
"CLINICA DO TRANS RIBEIRA DO POMBAL PSI E MED LTDA","RIBEIRA DO POMBAL"
"CLINICA DO TRANSITO ALPHAVILLE LTDA ME","SALVADOR"
"CLINICA DO TRANSITO BARRA DA ESTIVA LTDA","BARRA DA ESTIVA"
"CLINICA DO TRANSITO BONFIM LTDA ME","SENHOR DO BONFIM"
"CLINICA DO TRANSITO CACULE LTDA","CACULE"
"CLINICA DO TRANSITO CAETITE LTDA","CAETITE"
"CLINICA DO TRANSITO CAPIM GROSSO DE PSI E MED LTDA","CAPIM GROSSO"
"CLINICA DO TRANSITO CARINHANHA LTDA","CARINHANHA"
"CLINICA DO TRANSITO CATU","CATU"
"CLINICA DO TRANSITO CLINICAR LTDA","DIAS D AVILA"
"CLINICA DO TRANSITO DE CACHOEIRA LTDA","CACHOEIRA"
"CLINICA DO TRANSITO DE CACULE LTDA","CACULE"
"CLINICA DO TRANSITO DE CANDIDO SALES LTDA","CANDIDO SALES"
"CLINICA DO TRANSITO DE GANDU LTDA","GANDU"
"CLINICA DO TRANSITO DE ITABUNA LTDA ME","ITABUNA"
"CLINICA DO TRANSITO DE JEREMOABO LTDA","JEREMOABO"
"CLINICA DO TRANSITO DE MURITIBA LTDA","MURITIBA"
"CLINICA DO TRANSITO DE PARIPE LTDA","SALVADOR"
"CLINICA DO TRANSITO DE PAULO AFONSO LTDA","PAULO AFONSO"
"CLINICA DO TRANSITO DE RIACHAO DO JACUIPE LTDA","RIACHAO DO JACUIPE"
"CLINICA DO TRANSITO DE VALENCA LTDA ME","VALENCA"
"CLINICA DO TRANSITO DO SUBURBIO LTDA","SALVADOR"
"CLINICA DO TRANSITO E MEDIC MORRO DE SAO PAULO LTD","VALENCA"
"CLINICA DO TRANSITO ENTRE RIOS LTDA","ENTRE RIOS"
"CLINICA DO TRANSITO H M LTDA ME","ALAGOINHAS"
"CLINICA DO TRANSITO IRAMAIA DE PSIC E MED LTDA","ITABERABA"
"CLINICA DO TRANSITO JAGUAQUARA DE PSICO E MED LTDA","JAGUAQUARA"
"CLINICA DO TRANSITO MONTE SANTO LTDA","MONTE SANTO"
"CLINICA DO TRANSITO PARAMIRIM LTDA","PARAMIRIM"
"CLINICA DO TRANSITO PAULO AFONSO S/C LTDA","PAULO AFONSO"
"CLINICA DO TRANSITO POCOES BAHIA LTDA","POCOES"
"CLINICA DO TRANSITO PROVIDA LTDA","URANDI"
"CLINICA DO TRANSITO RAMOS LTDA","MARACAS"
"CLINICA DO TRANSITO RENOVAR LTDA","POCOES"
"CLINICA DO TRANSITO RIBEIRA LTDA","SALVADOR"
"CLINICA DO TRANSITO SANTA BARBARA LTDA","SANTA BARBARA"
"CLINICA DO TRANSITO SANTA LUZ LTDA","SANTALUZ"
"CLINICA DO TRANSITO SAO FRANCISCO DO CONDE LTDA","SAO FRANCISCO DO CONDE"
"CLINICA DO TRANSITO SAO FRANCISCO LTDA","BOM JESUS DA LAPA"
"CLINICA DO TRANSITO SAO MARCOS LTDA","SALVADOR"
"CLINICA DO TRANSITO TREVO LTDA","SANTO ESTEVAO"
"CLINICA DO VALE LTDA","JUAZEIRO"
"CLINICA ESPECIALIZADA DO TRANSITO DA BAHIA EIRELI","AMARGOSA"
"CLINICA ESTRELA DE DAVI LTDA ME","SIMOES FILHO"
"CLINICA EUNAPOLIS DO TRANSITO E MEDICINA LTDA ME","EUNAPOLIS"
"CLINICA FENIX AVA DE APTIDAO FISICA E PSIC LTDA ME","VITORIA DA CONQUISTA"
"CLINICA HABILITAR DE IPIRA-ME","IPIRA"
"CLINICA ILHEUS DE ATEND MED E PSIC DE TRAN LTDA ME","ILHEUS"
"CLINICA INTEGRADA DO CONDUTOR LTDA","EUCLIDES DA CUNHA"
"CLINICA INTEGRADA DO CONDUTOR LTDA","LAPAO"
"CLINICA INTEGRADA DO CONDUTOR LTDA","TUCANO"
"CLINICA INTEGRADA DO MOTORISTA LTDA","RIO REAL"
"CLINICA INTEGRADA DO TRANSITO LTDA","MORRO DO CHAPEU"
"CLINICA IPIAU DO TRANSITO E MEDICINA LTDA","IPIAU"
"CLINICA IRECE DO TRANSITO E MEDICINA LTDA-ME","IRECE"
"CLINICA ITABUNA DO TRANSITO E MEDICINA LTDA","ITABUNA"
"CLINICA JEREMOABO DO TRANSITO E MEDICINA LTDA","JEREMOABO"
"CLINICA KAFKA DE MEDICINA E PSICOLOGIA DO TRANSITO","JEQUIE"
"CLINICA MARIA RITA LTDA","PAULO AFONSO"
"CLINICA MED DE TRAFEGO NOSSA SENA DAS GROTAS LTDA","JUAZEIRO"
"CLINICA MED E PSI DE TRANS DE CONCEICAO DO COITE","CONCEICAO DO COITE"
"CLINICA MED E PSI DO TRANSITO DE ITABUNA LTDA ME","ITABUNA"
"CLINICA MED E PSIC DO TRAF DE CAMPO FORMOSO LTDA","CAMPO FORMOSO"
"CLINICA MED E PSIC DO TRAFEGO DE CAPIM GROSSO LTDA","CAPIM GROSSO"
"CLINICA MED E PSIC DO TRAFEGO DE ITABELA LTDA","ITABELA"
"CLINICA MED E PSIC DO TRANSITO DE CARINHANHA LTDA","CARINHANHA"
"CLINICA MED E PSIC DO TRANSITO DE IBOTIRAMA LTDA","IBOTIRAMA"
"CLINICA MED E PSIC LIVRAMENT DE NOSSA SENHORA LTDA","LIVRAMENTO DE NOSSA SENHORA"
"CLINICA MED E PSICO DO TRAFEGO DE CACHOEIRA LTDA","CACHOEIRA"
"CLINICA MED E PSICO DO TRANSITO DE RIO REAL LTDA","RIO REAL"
"CLINICA MEDIC E PSIC DE CAITITE LTDA","CAETITE"
"CLINICA MEDICA AZEVEDO ALVES LTDA","LIVRAMENTO DE NOSSA SENHORA"
"CLINICA MEDICA DE PERICIA LTDA ME","CRUZ DAS ALMAS"
"CLINICA MEDICA DE TRANSITO DE CORRENTINA LTDA","CORRENTINA"
"CLINICA MEDICA DO TRANSITO LTDA ME","ILHEUS"
"CLINICA MEDICA DR FABIO BRASILEIRO LTDA","SEABRA"
"CLINICA MEDICA E PSIC DE EUCLIDES DA CUNHA LTDA","EUCLIDES DA CUNHA"
"CLINICA MEDICA E PSIC DE MUTUIPE DE SAO ROQUE LTDA","MUTUIPE"
"CLINICA MEDICA E PSIC DE RIBEIRA DO POMBAL LTDA","RIBEIRA DO POMBAL"
"CLINICA MEDICA E PSIC DO TRAFEGO DE IPIRA LTDA","IPIRA"
"CLINICA MEDICA E PSIC DO TRAFEGO DE MARACAS LTDA","MARACAS"
"CLINICA MEDICA E PSIC DO TRAFEGO DE VALENTE LTDA","VALENTE"
"CLINICA MEDICA E PSIC DO TRANSITO DA BARRA LTDA","BARRA"
"CLINICA MEDICA E PSIC DO TRANSITO DE ALCOBACA LTDA","ALCOBACA"
"CLINICA MEDICA E PSIC DO TRANSITO ESPLANADA LTDA","ESPLANADA"
"CLINICA MEDICA E PSIC GUIMARAES MOURA LTDA me","GUANAMBI"
"CLINICA MEDICA E PSICOLOGIA AUTO ESTIMA LTDA ME","JEQUIE"
"CLINICA MEDICA E PSICOLOGICA AMARGOSA BA LTDA","AMARGOSA"
"CLINICA MEDICA E PSICOLOGICA CANDEIAS LTDA","CANDEIAS"
"CLINICA MEDICA E PSICOLOGICA DE GANDU LTDA","GANDU"
"CLINICA MEDICA E PSICOLOGICA DE IGUAI LTDA","IGUAI"
"CLINICA MEDICA E PSICOLOGICA DE ITAMARAJU LTDA","ITAMARAJU"
"CLINICA MEDICA E PSICOLOGICA DE ITANHEM LTDA","ITANHEM"
"CLINICA MEDICA E PSICOLOGICA DE JACOBINA LTDA ME","JACOBINA"
"CLINICA MEDICA E PSICOLOGICA DE JEREMOABO EIRELI","JEREMOABO"
"CLINICA MEDICA E PSICOLOGICA DE LIVRAMENTO LTDA","LIVRAMENTO DE NOSSA SENHORA"
"CLINICA MEDICA E PSICOLOGICA DE POCOES BA LTDA","POCOES"
"CLINICA MEDICA E PSICOLOGICA DE SANTALUZ LTDA","SANTALUZ"
"CLINICA MEDICA E PSICOLOGICA DE TRAFEGO LTDA ME","EUCLIDES DA CUNHA"
"CLINICA MEDICA E PSICOLOGICA DO TRANSITO","UBATA"
"CLINICA MEDICA E PSICOLOGICA DO TRANSITO LTDA ME","ILHEUS"
"CLINICA MEDICA E PSICOLOGICA DO TRANSITO LTDA ME","SALVADOR"
"CLINICA MEDICA E PSICOLOGICA DO TUCANO LTDA","TUCANO"
"CLINICA MEDICA E PSICOLOGICA HABILITRANSITO LTDA","SALVADOR"
"CLINICA MEDICA E PSICOLOGICA INOVA LTDA ME","JAGUAQUARA"
"CLINICA MEDICA E PSICOLOGICA LTDA","EUNAPOLIS"
"CLINICA MEDICA E PSICOLOGICA MEDEIROS NETO LTDA","MEDEIROS NETO"
"CLINICA MEDICA E PSICOLOGICA NRC LTDA ME","TEIXEIRA DE FREITAS"
"CLINICA MEDICA E PSICOLOGICA POJUCA LTDA","POJUCA"
"CLINICA MEDICA E PSICOLOGICA S/S LTDA ME","PAULO AFONSO"
"CLINICA MEDICA E PSICOLOGICA SANTO ESTEVAO LTDA","SANTO ESTEVAO"
"CLINICA MEDICA E PSICOLOGICA SANTOS COSTA LTDA","EUNAPOLIS"
"CLINICA MEDICA E PSICOLOGICA SAO JORGE LTDA ME","SALVADOR"
"CLINICA MEDICA E PSICOLOGICA SUAMAN LTDA","NOVA VICOSA"
"CLINICA MEDICA E PSICOTESTE DO TRANSITO SC LTDA ME","SENHOR DO BONFIM"
"CLINICA MEDICA EMERENCIANO LTDA ME","SANTA MARIA DA VITORIA"
"CLINICA MEDICA ESPECIALIZADA BRITO LTDA","VITORIA DA CONQUISTA"
"CLINICA MEDICA GONTIJO MACIEL S/C LTDA","BARREIRAS"
"CLINICA MEDICA HABILITAR DE MACAUBAS LTDA","MACAUBAS"
"CLINICA MEDICA HABILITAR DE PARAMIRIM LTDA","PARAMIRIM"
"CLINICA MEDICA INNOVARE LTDA ME","POCOES"
"CLINICA MEDICA JEVEAUX LTDA ME","SALVADOR"
"CLINICA MEDICA JUAZEIRO DO TRANSITO LTDA","JUAZEIRO"
"CLINICA MEDICA LGM LTDA","SAO FELIX DO CORIBE"
"CLINICA MEDICA LITORAL NORTE LTDA ME","LAURO DE FREITAS"
"CLINICA MEDICA ODONTOLOGIA LTDA","SALVADOR"
"CLINICA MEDICA PIAGET LTDA ME","VITORIA DA CONQUISTA"
"CLINICA MEDICA POMBAL DO TRANSITO LTDA ME","RIBEIRA DO POMBAL"
"CLINICA MEDICA PSICOLOGICA ANDRADE MACHADO LTDA","BOM JESUS DA LAPA"
"CLINICA MEDICA PSICOLOGICA FERREIRA LTDA","SALVADOR"
"CLINICA MEDICA PSICOLOGICA TEIXEIRA LTDA","TEIXEIRA DE FREITAS"
"CLINICA MEDICA PSICOLOGICA VITORIA LTDA ME","GUANAMBI"
"CLINICA MEDICA SANTA ISABEL LTDA","GUANAMBI"
"CLINICA MEDICA SANTA ISABEL S/C LTDA ME","CAMACARI"
"CLINICA MEDICA SANTA ISABEL S/C LTDA ME","SALVADOR"
"CLINICA MEDICA TRANSCLIMED LTDA EPP","PAULO AFONSO"
"CLINICA MEDICA VIE LTDA ME","SANTO ANTONIO DE JESUS"
"CLINICA MEDICA VISAO E VIDA LTDA","SAPEACU"
"CLINICA MEDICINA DE TRAFEGO CICERO DANTAS LTDA","CICERO DANTAS"
"CLINICA MEDICINA DE TRAFEGO RIBEIRA DO POMBAL LTDA","RIBEIRA DO POMBAL"
"CLINICA MEIDCA E PSICOLOGICA BEM ESTAR LTDA ME","JEQUIE"
"CLINICA NOSSA SENHORA DAS GRACAS LTDA ME","ITAPETINGA"
"CLINICA NOSSA SENHORA DE FATIMA LTDA","SALVADOR"
"CLINICA NOVAES SOUZA LTDA ME","JEQUIE"
"CLINICA OMEGA LTDA","FEIRA DE SANTANA"
"CLINICA PARALELA DE MEDICINA DO TRANSITO LTDA","SALVADOR"
"CLINICA PERICIAS MEDICAS E PSI SAO FRANCISCO LTDA","CAETITE"
"CLINICA PORTO SEGURO DO TRANSITO E MED LTDA ME","PORTO SEGURO"
"CLINICA PSICOLMED LTDA","VALENCA"
"CLINICA PSICOLOGICA PSIQUE LTDA","MACAUBAS"
"CLINICA PSIMED ITAMARAJU LTDA","ITAMARAJU"
"CLINICA S S DE PSICOLOGIA E MEDICINA LTDA ME","JEQUIE"
"CLINICA SANTA BARBARA ALPHA LTDA","SALVADOR"
"CLINICA SANTO ANTONIO DE JEQUIE LTDA ME","JEQUIE"
"CLINICA SANTO ESTEVAO LTDA ME","LAURO DE FREITAS"
"CLINICA SAO CRISTOVAO LTDA ME","FEIRA DE SANTANA"
"CLINICA SAO FRANCISCO DE PADUA LTDA ME","SALVADOR"
"CLINICA SAO LUCAS DE PSICOLOGIA E MEDICINA LTDA ME","JACOBINA"
"CLINICA SAO LUCAS LTDA","CONCEICAO DO COITE"
"CLINICA SAO VITOR LTDA ME","CAMACARI"
"CLINICA SAO VITOR LTDA ME","FEIRA DE SANTANA"
"CLINICA SAUDE DO MOTORISTA LTDA","SALVADOR"
"CLINICA SENHOR DO BONFIM LTDA","SALVADOR"
"CLINICA SKINNER LTDA","VITORIA DA CONQUISTA"
"CLINICA TRANSITAR BARREIRAS LTDA","BARREIRAS"
"CLINICA TRANSITAR CATU PSIC E MED DO TRANSITO LTDA","CATU"
"CLINICA TRANSITAR LTDA ME","GUANAMBI"
"CLINICA TRANSITAR PSIC E MED DO TRANSITO LTDA","CAMACARI"
"CLINICA TRANSITE LTDA ME","ALAGOINHAS"
"CLINICA TRANSMED LTDA ME","VITORIA DA CONQUISTA"
"CLINICA TRANSNEURO LTDA","CORRENTINA"
"CLINICA TRES IRMAOS DE PSICOLOGIA E MEDICINA LTDA","SANTO ESTEVAO"
"CLINICA VALE OFTALMO CONSULTORIO LTDA","SALVADOR"
"CLINICA VITALLI EIRELI","SAO FELIX DO CORIBE"
"CLINICAM CLINICA DE TRANSITO DE CAMACARI LTDA ME","CAMACARI"
"CLINITRAN CLINICA DO TRANSITO GARIBALDI LTDA ME","SALVADOR"
"CLINITRAN CLINICA DO TRANSITO LTDA","SIMOES FILHO"
"CLINITRAN MEDICINA E PSICOLOGIA DO TRANSITO LTDA","LAURO DE FREITAS"
"CLINITRAN MEDICINA E PSICOLOGIA DO TRANSITO LTDA","SALVADOR"
"CLINMED CONCEICAO DO ALMEIDA LTDA","CONCEICAO DO ALMEIDA"
"CLINMED SAO FRANCISCO DO CONDE LTDA","SAO FRANCISCO DO CONDE"
"CLINT CAMAMU LTDA ME","CAMAMU"
"CLINTRANS CLINICA DE TRANSITO DE FEIRA DE SANTANA","FEIRA DE SANTANA"
"CLINTRANS MEDICINA PSICOLOGIA DO TRANSITO LTDA ME","SALVADOR"
"CLINVIA SERVICOS MEDICOS E PSICOLOGICOS LTDA","DIAS D AVILA"
"CLISAL CLINICA DO TRANSITO LTDA ME","SALVADOR"
"CLISEA CLINICA DO TRANSITO DE SEABRA LTDA ME","SEABRA"
"CLITAN CLINICA DO TRANSITO LTDA ME","SALVADOR"
"CLITRAF CLINICA DE TRAFEGO LTDA","SENHOR DO BONFIM"
"CLITRAF CLINICA DO TRAFEGO LTDA","NAZARE"
"CLITRANSAL CLINICA DO TRANSITO DE SALVADOR LTDA ME","SALVADOR"
"CMEP CLINICA MEDICA E PSICOLOGICA LTDA","CAMPO FORMOSO"
"CMFS CLINICA ESP EM MEDICINA E PSICO DO TRANSITO","FEIRA DE SANTANA"
"CMOPEL CLINICA MEDICA PSICOLOGICA EUNAPOLIS LTDA","EUNAPOLIS"
"CMPTRAN CLIN ESP EM MED E PSICOLOGIA DO TRANSITO","SALVADOR"
"COPSI CENTRO DE MED DE TRAFEGO E PSIC LTDA ME","SALVADOR"
"CR CLINICA MEDICA E PSICOLOGICA LTDA","PORTO SEGURO"
"CRUZ CLINICA MEDICA LTDA","CRUZ DAS ALMAS"
"CTCB CLINICA DO TRANSITO CABULA LTDA","SALVADOR"
"CTCJ CLINICA DO TRANSITO CAJAZEIRAS LTDA","SALVADOR"
"CTE CLINICA DE TRANSITO LTDA","ESPLANADA"
"CTFS CLINICA DO TRANSITO DE FEIRA DE SANTANA LTDA","FEIRA DE SANTANA"
"CTIT CLINICA DO TRANSITO ITAPOAN LTDA","SALVADOR"
"CTRAN CLINICA DO TRANSITO DE EUNAPOLIS LTDA ME","EUNAPOLIS"
"CTRANSITO CLINICA DE TRANSITO LTDA ME","FEIRA DE SANTANA"
"CTS CLINICA DE TRANSITO SALVADOR LTDA","SALVADOR"
"CTSC CLINICA DO TRANSITO SAO CAETANO LTDA","SALVADOR"
"DAF CLINICA MEDICA E PSICOLOGICA LTDA","SALVADOR"
"DANIELA BOMJARDIM CLARO BOM MED","SALVADOR"
"DANIELA BOMJARDIM CLARO BOM MED LTDA","SANTA CRUZ CABRALIA"
"DELATRAN MEDICINA DE TRANSITO LTDA","SALVADOR"
"DETRANCLIN CLINICA DE PSI E PSICANALISE LTDA ME","SALVADOR"
"DICLIN MEDICINA DO TRANSITO LTDA","SALVADOR"
"DILZA MARIA DE ARAUJO ALMEIDA SERVICOS MEDICOS ME","CONCEICAO DO COITE"
"DM CLINICA DE MEDICINA DO TRANSITO LTDA ME","ITABUNA"
"DMMG CLINICA DE MEDICINA DO TRANSITO LTDA ME","VITORIA DA CONQUISTA"
"DR CLINICA DE MEDICINA DO TRANSITO LTDA ME","ILHEUS"
"DSS TRANS CLINICA LTDA ME","CANDEIAS"
"ECF CLINICA DO TRANSITO EIRELI","ITABERABA"
"EDUCAMED SERVICOS PSICOLOGICOS EIRELI","MUCURI"
"ELLOS PSICOLOGIA E MEDICINA DO TRANSITO LTDA","POJUCA"
"FGM CLINICA MEDICA SC LTDA","BOM JESUS DA LAPA"
"FOCO CLINICA DE TRANSITO LTDA","MATA DE SAO JOAO"
"FRAGA E RIBEIRO LTDA ME","PORTO SEGURO"
"GAMA PAIM CLINICAS DO TRANSITO LTDA","MATA DE SAO JOAO"
"GAMA PAIM CLINICAS DO TRANSITO LTDA","POJUCA"
"GILDETE CLINICA DO TRANSITO LTDA","MARACAS"
"GLAUCIA SILVA SANTANA DE ARAUJO ME","SANTA MARIA DA VITORIA"
"GOMES CARVALHO MED E PSIC DO TRANSITO LTDA MR","ITABUNA"
"GRUPO DE APOIO A CRIANCA COM CANCER BAHIA","SALVADOR"
"GTM DO TRANSITO CLINICA MEDICA LTDA","SALVADOR"
"HA PSIMED LTDA","DIAS D AVILA"
"HABILITA ALAGOINHAS CLINICA MEDICA LTDA","ALAGOINHAS"
"HABILITA BAHIA CLINICA MEDICA LTDA","FEIRA DE SANTANA"
"HABILITA CLINICA MEDICA LTDA ME","FEIRA DE SANTANA"
"HABILITA SERVICOS MEDICOS E PSICOLOGICOS LTDA","IPIAU"
"HABILITAR - CENTRO DE PSIC E MEDC DO TRAF LTDA","VITORIA DA CONQUISTA"
"HABILITAR CLINICA DE HABILITACAO PARA O TRANS LTDA","SALVADOR"
"HABILITAR CLINICA DO TRANSITO DE BELO CAMPO LTDA","BELO CAMPO"
"HABILITAR PSICOMED LTDA","BARRA DA ESTIVA"
"HABILITRAN CLIN DE AVALIACAO MEDICA E PSI DO TRANS","BRUMADO"
"HUMANIZA CLINICA INTEGRADA MULTIDISIPLINAR LTDA","SALVADOR"
"IBIZA CLINICA MEDICA E PSICOLOGICA LTDA","SALVADOR"
"IBOTIRAMA SERVICOS MEDICOS LTDA","IBOTIRAMA"
"IBRA CLINICA MEDICA E PSICOLOGICA LTDA","SALVADOR"
"IFC CLINICA DO TRANSITO LTDA","FEIRA DE SANTANA"
"IM CLINICA MEDICA E PSICOLOGICA LTDA","SALVADOR"
"IMAF CLINICA DE MEDICINA DE TRAFEGO LTDA ME","EUCLIDES DA CUNHA"
"IMAF CLINICA DE MEDICINA DE TRAFEGO LTDA ME","FEIRA DE SANTANA"
"INSTITUTO DE MEDICINA DO TRANSITO DA BAHIA LTDA","LAURO DE FREITAS"
"INTEGRAL SAUDE SERVICOS MEDICOS LTDA","TEIXEIRA DE FREITAS"
"ISA MED SERVICOS EM SAUDE LTDA","SANTO AMARO"
"ISADORA DOS SANTOS VILASBOAS ME","BOM JESUS DA LAPA"
"ITEM INSTITUTO DE ESPECIALIDADES MEDICAS LTDA ME","ALAGOINHAS"
"J FERREIRA CLINICA DE TRANSITO LTDA","SANTO AMARO"
"JAIRA VELOSO LEAL","CANDEIAS"
"JL CLINICA MEDICA E PSICOLOGICA LTDA","CAPIM GROSSO"
"JOSEANE MENDES DA SILVA ARAUJO LTDA","FEIRA DE SANTANA"
"JOSELINO RODRIGUES DE SOUZA JUNIOR","CONCEICAO DO JACUIPE"
"JWI SERVICO MEDICO E PSICOLOGICO LTDA","LAPAO"
"LA SERVICOS DE TRANSITO LTDA","SALVADOR"
"LC CLINICA MEDICA E PSICOLOGICA LTDA","SALVADOR"
"LCVM CLINICA ESPECIALIZADA LTDA","SALVADOR"
"LIFE CLIN CLINICA DE AVA MEDICA E PSICOLOGIC LTDA","LIVRAMENTO DE NOSSA SENHORA"
"LIMA E EGUCHI CLINICA MEDICA E PSICOLOGICA LTDA","DIAS D AVILA"
"LINS ASSUNCAO CLINICA MEDICA E PSICOLOGICA LTDA ME","GUANAMBI"
"LITORAL MED LTDA","MATA DE SAO JOAO"
"LMD CLINICA DE PSICOLOGIA E MEDICINA DO TRANSITO","SALVADOR"
"LOTUS AVALIACAO MEDICA E PSICOLOGICA LTDA","ITAPETINGA"
"LUCIO RODRIGO DE JESUS NEVES","FEIRA DE SANTANA"
"LUMEM SERVICOS MEDICOS EM SAUDE LTDA","JUAZEIRO"
"M L A CLINICA DE MEDICINA DO TRANSITO LTDA ME","BARREIRAS"
"MACHADO&MATTA SERVICOS MED E PSICOLOGICOS LTDA","BARRA"
"MADU COMERCIO DE PRODUTOS ALIMENTICIOS LTDA","JEQUIE"
"MAK CLINICA LTDA","CAMACAN"
"MARITRAN POMBAL CLINICA DE PSIC E MED TRANS LTDA","RIBEIRA DO POMBAL"
"MARLI ALVES DA COSTA MEDEIROS ME","ITANHEM"
"MARY ANNE GOMES SOBRINHO DE OLIVEIRA EIRELI","QUEIMADAS"
"MASTER CLIN ATENDIEMNTIO MEDICO LTDA ME","SALVADOR"
"MATERMED SERVICOS MEDICOS E HOSPITALARES LTDA ME","FEIRA DE SANTANA"
"MAW CLINICA DE PSICOLOGIA E MEDICA LTDA ME","MACAUBAS"
"MAXTRAN SERVICOS MEDICOS E PSICOLOGICOS LTDA-ME","SALVADOR"
"MC CLIN MED E PSICO PAULO AFONSO LTDA ME","PAULO AFONSO"
"MCV CLINICA DE TRANSITO EIRELI","CONCEICAO DO JACUIPE"
"MDA CLINICA MEDICA E PSICO DO TRANSITO LTDA","VALENCA"
"MED TRAFFIC CONSULTORIO PSICO MEDICO LTDA","LAURO DE FREITAS"
"MEDITRANSITO ESPECIALIZADA LTDA","SALVADOR"
"MEDTRAN MEDICINA DE TRAFEGO LTDA ME","SIMOES FILHO"
"MEDTRANS CLINICA DO TRANSITO LTDA","SALVADOR"
"MEDTRANS HABILITAR LTDA","CANDIDO SALES"
"MEDTRANS MEDICINA E PSICOLOGIA DO TRANSITO LTDA ME","SALVADOR"
"MEGACLIN CLINICA MED E PSI DO TRANSITO LTDA ME","SALVADOR"
"MG CLINICA DE TRANSITO LTDA","SALVADOR"
"MGM DO TRANSITO CLINICA MEDICA LTDA","SALVADOR"
"ML CLINICA DE MEDICINA E PSIC DO TRAFEGO LTDA","CAMPO FORMOSO"
"MOB CLINICA DE TRANSITO LTDA ME","SALVADOR"
"MOB CLINICA DO TRANSITO LTDA ME","FEIRA DE SANTANA"
"MOBIRUY CLINICA DE PSIC E MEDICINA DE TRAFEGO LTDA","RUY BARBOSA"
"MOBTRAN CLINICA DE PSICOLOGIA E MED DO TRFEGO LTDA","LUIS EDUARDO MAGALHAES"
"MOBTRANS PSICO E MEDICINA DO TRANSITO LTDA","CONCEICAO DO JACUIPE"
"MOTOMED CLINICA MEDICA LTDA","SALVADOR"
"MOTOR-CLIN CLINICA DO MOTORISTA LTDA","ILHEUS"
"MOVCLIN CLINICA DE PSIC E MEDICINA DO TRAFEGO LTDA","SANTANA"
"MOVIHABILITA LTDA","ARACI"
"MOVTRAN CLINICA DE PSIC E MED DO TRAFEGO LTDA","IBOTIRAMA"
"MULTICLIN CLIN. MEDICAS ESPECIALIZADAS S/C LTDA","SALVADOR"
"MV CLINICA DO TRANSITO LTDA - ME","CATU"
"N ROCHA & CIA LTDA ME","BRUMADO"
"NOGUEIRA & CARVALHO","SAO GONCALO DOS CAMPOS"
"NORMANHA VIANA E CIA LTDA ME","SANTA MARIA DA VITORIA"
"NOVAMED CLINICA MEDICA LTDA","FEIRA DE SANTANA"
"NOVAMED CLINICA MEDICA LTDA","PORTO SEGURO"
"NV CLINICA MED DE EXAMES E PSICOLOGICOS LTDA","NOVA VICOSA"
"ODOMED CLINICA MEDICA E ODONTOLOGICA LTDA ME","ALAGOINHAS"
"ORTOCLINICA LTDA","BARREIRAS"
"P N F CLINICA MEDICA ESPECIALIZADA PRO VIDA EIRELI","MUCURI"
"PALOCLIN CLINICA DE AVALIACAO MEDICA E PSICOLOGICA","VITORIA DA CONQUISTA"
"PEJOTRANS CLINIC DO TRANSITO LTDA","MATA DE SAO JOAO"
"PERITRAN PERICIAS MED E PSIC P/ O TRANSITO LTDA ME","SALVADOR"
"PERITRAN PERICIAS MED E PSIC PARA O TRANSITO LTDA","ALAGOINHAS"
"PM POLICLINICA DE TRANSITO LTDA ME","SALVADOR"
"POLICLIN CONS DE PSIC E MED DE TRAFEGO LTDA ME","SALVADOR"
"POLICLIN CONSULT DE PSIC E MED DE TRAFEGO LTDA ME","CACHOEIRA"
"POLICLIN CONSULTORIO DE PSIC E MED DE TRAF LTDA ME","SANTO AMARO"
"POLICLINICA MEDICA SIMOES FILHO SOCIEDADE SIMPLES","SIMOES FILHO"
"POLITRAN - POLICLINICA DE TRANSITO LTDA-ME","CAMACARI"
"POLITRAN POLICLINICA DE TRANSITO LTDA ME","ITABUNA"
"POLITRAN POLICLINICA DE TRANSITO LTDA ME","SALVADOR"
"PONTALTRAN CLINICA MED E PSI DO TRANSITO LTDA ME","EUNAPOLIS"
"PRADO CENTRO MEDICO DE EXAMES PSICOLOGICOS LTDA","PRADO"
"PRO-VIDA CLINICA MEDICA LTDA ME","CRUZ DAS ALMAS"
"PSICLIN SERV MEDICOS PSICOLOGICOS E RH EPP","ITABERABA"
"PSICLIN SERV MEDICOS PSICOLOGICOS E RH EPP","SALVADOR"
"PSICOCLINICA MBHT LTDA ME","SALVADOR"
"PSICOL ATENDIMENTO MEDICO & PSICOLOGICO LTDA ME","LAURO DE FREITAS"
"PSICOL ATENDIMENTO MEDICO & PSICOLOGICO LTDA ME","SALVADOR"
"PSICOLOGIA TRANSCENDER","VERA CRUZ"
"PSICOLOGIA TRANSCENDER EIRELI","LAURO DE FREITAS"
"PSICOMED - EXAME DE MOTORISTAS LTDA","TEIXEIRA DE FREITAS"
"PSICOMEDI-PSICOLOGIA E CLINICA MEDICA DE IPIRA LTD","IPIRA"
"PSICOMTRAN PSICOLOGIA E MED DO TRANSITO LTDA","LAURO DE FREITAS"
"PSICOTRANS CLINICA MED PSICOLOGICA DO TRANS LTDA","SIMOES FILHO"
"PSICOVIDA CLIN DE PSIC E MED DE TRAF S/C LTDA ME","JACOBINA"
"PSIMED CLINICA MEDIC E PSIC ESPECIALIZADA LTDA ME","FEIRA DE SANTANA"
"PSIMEICA PSICOLOGIA LTDA ME","ALAGOINHAS"
"PSITRANS CLINICA MEDICA E PSICOLOGICA LTDA","SALVADOR"
"PSITRANSITO CLINICA DE PSIC DO TRANSITO LTDA ME","LUIS EDUARDO MAGALHAES"
"PSIVIA CLINICA MEDICA E PSICOLOGICA DA BAHIA LTDA","CATU"
"RA CLINICA MEDICA E PSICOLOGICA LTDA ME","NOVA VICOSA"
"RAIZA CLINICA MEDICA E PSICOLOGICA LTDA","SALVADOR"
"RM CLINICA PSICOLOGICA E MEDICA LTDA","RIACHO DE SANTANA"
"RN CLINICA MEDICA E PSICOLOGICA LTDA","ITAMARAJU"
"RODRIGUES CLINICA DE TRANSITO EIRELI","IPIRA"
"RS CLINICA MEDICA LTDA ME","ITAMARAJU"
"RSM SERVICOS MEDICOS LTDA","SALVADOR"
"RUI CASTRO NETO DE MACAUBAS","MACAUBAS"
"SA CLINICA DE SAUDE DO TRAFEGO LTDA ME","IRECE"
"SALVACLIM CLINICA MED E PSI DE SALVADOR LTDA","SALVADOR"
"SANCLIN CLINICA DE TRANSITO LTDA","SANTO AMARO"
"SANDIN CLINICA MEDICA E PSICOLOGICA LTDA","SIMOES FILHO"
"SANTCLIN CLINICA MEDICA LTDA ME","MURITIBA"
"SAO CAETANO SERVICOES MEDICOS LTDA","SALVADOR"
"SB SAUDE CLINICA LTDA","SANTA BARBARA"
"SECLIN SANTO ESTEVAO LTDA ME","SANTO ESTEVAO"
"SEMESP-SERVICOS MEDICOS S/C LTDA ME","TEIXEIRA DE FREITAS"
"SENHOR DO BONFIM CLINICA MED E PSICOLOGICA LTDA ME","SENHOR DO BONFIM"
"SERVICOS MEDICOS SET CENTER LTDA","SANTO ANTONIO DE JESUS"
"SETRANSITO CENTRO DE SAUDE DO TRANSITO LTDA ME","RIACHAO DO JACUIPE"
"SOUZA & NEVES LTDA ME","SALVADOR"
"SSATRAN CLINICA MEDICA E PSICOLOGICA DO TRANS LTDA","SALVADOR"
"STOP CLIN SERVICOS MEDICOS LTDA ME","SERRINHA"
"SUPERCLIN CLINICA DE MEDICINA E PSI DO TRANS LTDA","SALVADOR"
"TED TRAN CLINICA MEDICA E PSICOLOGICA LTDA","SALVADOR"
"TEDCLIN CLINICA DO TRAFEGO LTDA","SALVADOR"
"TGM CLINICA MEDICA E PSICOLOGICA EIRELI","LAURO DE FREITAS"
"TICYANNE CAROLINA BASTOS FREITAS ME","FEIRA DE SANTANA"
"TL DE MIRANDA LTDA","PAULO AFONSO"
"TRANMECLINI CLINICA MEDICA DO TRANSITO LTDA","CAMACAN"
"TRANMECLINI CLINICA MEDICA DO TRANSITO LTDA","UBAITABA"
"TRANS DOURADO SERVICOS EM SAUDE LTDA","CACHOEIRA"
"TRANSAUDE CLINICA MEDICA ESPECIALIZADA LTDA","SALVADOR"
"TRANSCLIN ATEND. MEDICO-PSICOLOGICO LTDA","SALVADOR"
"TRANSCLINICA CLINICA DE TRANSITO LTDA ME","SEABRA"
"TRANSITARE SERVICOS MEDICOS E PSICOLOGICOS LTDA","ITABERABA"
"TRANSMED BARRA DO CHOCA CLINICA LTDA","BARRA DO CHOCA"
"TRANSMED CLIN DE PSIC E MEDIC DO TRAFEGO LTDA ME","SALVADOR"
"TRANSMOBI CLINICA DE PSICO E MED DE TRAFEGO LTDA","PIRITIBA"
"TRANSNOFRA SERVICOS DE MED E PSIC DE TRANSITO LTDA","SANTO AMARO"
"TRANSPARALELA CLINICA DO TRANSITO DA PARALELA LTDA","SALVADOR"
"TRANSPREV LTDA ME","SALVADOR"
"TRANSPSICO SERVICOS MEDICOS LTDA","SERRINHA"
"TRANSVIDA SERV. MED. E PSICOLOGICOS LTDA ME","SALVADOR"
"UNIDADE PSICOLOGICA GARCIA REIS LTDA","VITORIA DA CONQUISTA"
"VALDIMEIRE SANTOS OLIVEIRA ME","ALCOBACA"
"VALDIRENE FERREIRA DA SILVA","JAGUARARI"
"VALECLIM CLINICA MEDICA E PSICOLOGICA LTDA","VALENCA"
"VIA UNICA SERVICOS MEDICOS LTDA","SERRINHA"
"VIATRANS CLINICA DO TRANSITO LTDA","SAO SEBASTIAO DO PASSE"
"VICTRANS CLIN DE ATEND MED E PSICOLOGICO LTDA ME","CANDEIAS"
"VISUAL KLIN CLINICA MEDICA LTDAME","CRUZ DAS ALMAS"
"VITORIATRANS CLINICA DE MEDICINA NO TRANSITO LTDA","VITORIA DA CONQUISTA"
"VIVER CLINICA MEDICA E PSICOLOGICA DO TRANSITO","VITORIA DA CONQUISTA"
"WA CLINICA DA SAUDE LTDA","MACAUBAS"
